{"_id":{"$oid":"5b59c5414b38dd34d80410bd"},"title":"Budova.partners","home_title":"Старт fffff!","content":" {\"heading\":\"Additional content\"}","home_background":"images/listings_single.jpg","breadcrumbs":[" { \"home\": { \"url\": \"/\", \"name\": \"home\", \"class\": \"cl\" }, \"about_us\": { \"url\": \"/\", \"name\": \"about us\", \"class\": \"cl\" }, \"listings\": { \"url\": \"/\", \"name\": \"listings\", \"class\": \"cl\" }, \"news\": { \"url\": \"/\", \"name\": \"news\", \"class\": \"cl\" }, \"contact\": { \"url\": \"/\", \"name\": \"contact\", \"class\": \"cl\" } }"],"main_nav_list":" { \"home\": { \"url\": \"/\", \"name\": \"home\", \"class\": \"main_nav_item\" }, \"about_us\": { \"url\": \"/\", \"name\": \"about us\", \"class\": \"main_nav_item\" }, \"listings\": { \"url\": \"/\", \"name\": \"listings\", \"class\": \"main_nav_item\" }, \"news\": { \"url\": \"/\", \"name\": \"news\", \"class\": \"main_nav_item\" }, \"contact\": { \"url\": \"/\", \"name\": \"contact\", \"class\": \"main_nav_item\" } }","phone":"{\"text\": \"+38090 000 00 00\"}","logo":" {\"text\":\"Budova.partners\",\"logo\":\"images/logo.png\"}","listing_title":" {\"text\":\"House in west California\"}","listing_text":" {\"text\":\"Donec ullamcorper nulla non metus auctor fringi lla.Curabitur blandit tempus porttitor\"}","room_tags":" {\"Hottub\": {\"node\": \"span\" , \"class\": \"room_tag\" , \"childnode\": \"span\" , \"url\": \"/\", \"name\": \"Hottub\"}, \"Swimming_Pool\": {\"node\":\"span\",\"class\":\"room_tag\",\"childnode\": \"span\" , \"url\": \"/\", \"name\": \"Swimming Pool\"}, \"Garden\": {\"node\": \"span\" , \"class\": \"room_tag\" , \"childnode\": \"span\" , \"url\": \"/\", \"name\": \"Garden\"}, \"Patio\":  {\"node\": \"span\" , \"class\": \"room_tag\" , \"childnode\": \"span\" , \"url\": \"/\", \"name\": \"Patio\"}, \"HardWoodFloor\":{\"node\":\"span\",\"class\":\"room_tag\",\"childnode\":\"span\",\"url\":\"/\", \"name\": \"HardWoodFloor\"}}","listing_price_col":" {\"image\": \"images/tag.svg\" , \"text\": \"For Sale\" , \"price\": \"$540,000\"}","listing_slider":" {\"listing\":{\"image\":\"images/listing_slider_1.jpg\",\"alt\":\"listing\",\"name\":\"listing\"}, \"listing\":{\"image\":\"images/listing_slider_1.jpg\",\"alt\":\"listing\",\"name\":\"listing\"}, \"listing\":{\"image\":\"images/listing_slider_1.jpg\",\"alt\":\"listing\",\"name\":\"listing\"}, \"listing\":{\"image\":\"images/listing_slider_1.jpg\",\"alt\":\"listing\",\"name\":\"listing\"}, \"listing\":{\"image\":\"images/listing_slider_1.jpg\",\"alt\":\"listing\",\"name\":\"listing\"}, \"listing\":{\"image\":\"images/listing_slider_1.jpg\",\"alt\":\"listing\",\"name\":\"listing\"}}","listing_details":" { \"heading\": \"ExtraFacilities\", \"text\": \"Donec ullamcorper nulla non metus auctor fringi lla. Curabitur blandit tempus porttitor.\" }","listing_details_iconblock":" { \"Bedrooms\": { \"icon\": \"images/bedroom.png\", \"numbers\": \"4\"}, \"Bathrooms\": { \"icon\": \"images/shower.png\", \"numbers\": \"3\" }, \"Area\": { \"icon\": \"images/area.png\", \"numbers\": \"7100 Sq Ft\"}, \"Patio\": { \"icon\": \"images/patio.png\", \"numbers\": \"1\" }, \"Garage\": { \"icon\": \"images/garage.png\", \"numbers\": \"2\" } }","description":" {\"heading\":\"Description\", \"description\":\" Donec ullamcorper nulla non metus auctor fringi lla. Curabitur blandit tempus porttitor.Sed lectus urna, ultricies sit amet risus eget, euismod imperdiet augue. Duis imperdiet, purus a pellentesque sodales, sapien mauris rhoncus eros, ac blandit elit leo ac diam. Sed lectus urna, ultricies sit amet risus eget, euismod imperdiet augue. Duis imperdiet, purus a pellentesque sodales, sapien mauris rhoncus eros, ac blandit elit leo ac diam\"}","additional_details":" {\"heading\":\"Additional Details\",\"list_heading\":\"bedroom features:\",\"list_text\":\"Main Floor Master Bedroom, Walk-In Closet\"}","additional_details_block":" {\"dining_area\": {\"heading\":\"dining area:\", \"text\":\"Breakfast Counter/Bar,Living/Dining Combo\"}, \"doors&_windows\": {\"heading\":\"doors& windows:\",\"text\":\"BayWindow\"}, \"entry_location\": {\"heading\":\"entry location:\",\"text\":\"Mid Level\"}, \"floors\": {\"heading\":\"floors:\",\"text\":\"Raised Foundation,Vinyl Tile,Wall-to-Wall Carpet,Wood\"}}","footer_social":" {\"pinterest\":{\"url\":\"/\",\"fa_icon\":\"fab fa-pinterest\"}, \"facebook\":{\"url\":\"/\",\"fa_icon\":\"fab fa-facebook-f\"}, \"twitter\":{\"url\":\"/\",\"fa_icon\":\"fab fa-twitter\"}, \"dribbble\":{\"url\":\"/\",\"fa_icon\":\"fab fa-dribbble\"}, \"behance\":{\"url\":\"/\",\"fa_icon\":\"fab fa-behance\"}}","map_heading":"Property on map","map_iframe":"https://www.google.com/maps/embed?pb=!1m18!1m12!1m3!1d43976.02234357211!2d30.69958921058575!3d46.458575655969554!2m3!1f0!2f0!3f0!3m2!1i1024!2i768!4f13.1!3m3!1m2!1s0x40c633d3e7db19f7%3A0x7a2282d913470c1e!2z0J_RgNC40LzQvtGA0YHQutC40Lkg0YDQsNC50L7QvSwg0J7QtNC10YHRgdCwLCDQntC00LXRgdGB0LrQsNGPINC-0LHQu9Cw0YHRgtGMLCA2NTAwMA!5e0!3m2!1sru!2sua!4v1532263108521","subscribe":" { \"heading\": \"subscribe to our newsletter\" , \"subheading\": \"Get the latest offers\" , \"placeholder\": \"Your email here\" , \"subscribe\": \"subscribe\", \"data_error\": \"Valid email is required\" }","weekly_offer":"{ \"heading\": \"weekly offer\" , \"prize\": \"images/prize.svg\" , \"background\": \"images/weekly.jpg\"}","listing_video":" {\"href\":\"https://vimeo.com/99340873\",\"alt\":\"video_title_alt\",\"src\":\"images/listing_video.jpg\",\"play_src\":\"images/play.svg\",\"heading\":\"Video Heading\"}","footer_about":"{\"text\": \"Lorem ipsum dolor sit amet, cons ectetur  quis ferme adipiscing elit. Suspen dis se tellus eros, placerat quis ferme ntum et, viverra sit amet lacus. Nam gravida  quis ferme semper augue\"}","useful_links":" {\"text\": \"useful links\"}","useful_links_menu_list":" {\"Listings\":{\"url\":\"/\",\"text\":\"Listings\"}, \"Favorite_Cities\":{\"url\":\"/\",\"text\":\"Favorite Cities\"}, \"Clients_Testimonials\":{\"url\":\"/\",\"text\":\"Clients Testimonials\"}, \"Featured_Listings\":{\"url\":\"/\",\"text\":\"Featured Listings\"}, \"Properties_on_Offer\":{\"url\":\"/\",\"text\":\"Properties on Offer\"}, \"Services\":{\"url\":\"/\",\"text\":\"Services\"}, \"News\":{\"url\":\"/\",\"text\":\"News\"}, \"Our_Agents\":{\"url\":\"/\",\"text\":\"Our Agents\"}}","footer_col_title":" {\"heading\": \"say hello\" , \"name_error\": \"Name is required\" , \"mail_error\": \"Valid email is required\" , \"message_error\": \"Please, write us a message\" , \"submit_text\": \"send\"}","contact_info":" {\"heading\": \"contact info\",\"addr_src\": \"images/placeholder.svg\",\"address\": \"4127 Raoul Wallenber 45b-c Gibraltar\",\"phone_src\": \"images/placeholder.svg\",\"phone\": \"2556-808-8613\",\"mail_src\": \"images/message.svg\",\"mail\": \"contactme@gmail.com\"}","notes":"OOPS!!","dbtest":"OOPS!!","createdAt":{"$date":{"$numberLong":"1532609857951"}},"updatedAt":{"$date":{"$numberLong":"1533599315273"}},"__v":{"$numberInt":"0"}}
